"type";"id"
"message";"157865"
"message";"9180"
"message";"43560"
"message";"12573"
"message";"107"
"message";"171965"
"message";"882058"
"message";"1437709"
"message";"45643"
"message";"156190"
"message";"13759"
"message";"17170"
"message";"125086"
"message";"12314"
"message";"43545"
"message";"1409944"
"message";"120859"
"message";"121651"
"message";"861871"
"message";"136046"
"message";"148298"
"message";"150643"
"message";"148321"
"message";"137065"
"message";"1395282"
"message";"5825"
"message";"166905"
"message";"10951"
"message";"16148"
"message";"1433597"
"message";"176480"
"message";"138278"
"message";"156020"
"message";"643123"
"message";"11756"
"message";"1398756"
"message";"5012"
"message";"42518"
"message";"17125"
"message";"248071"
"message";"147297"
"message";"786158"
"message";"150820"
"message";"38628"
"message";"158012"
"message";"1445544"
"message";"149792"
"message";"510916"
"message";"46495"
"message";"3107"
"message";"1432529"
"message";"168513"
"message";"147314"
"message";"616511"
"message";"17466"
"message";"819994"
"message";"15880"
"message";"72"
"message";"151902"
"message";"144293"
"message";"174760"
"message";"1442206"
"message";"155978"
"message";"1429144"
"message";"40441"
"message";"1236"
"message";"1442236"
"message";"166628"
"message";"158100"
"message";"139659"
"message";"1432393"
"message";"163258"
"message";"1397"
"message";"135258"
"message";"178469"
"message";"656644"
"message";"1431040"
"message";"144012"
"message";"161792"
"message";"9586"